Workbook

Sheet Testcase
A1: ID | B1: Module | C1: Chức năng | D1: Loại test | E1: Tiêu đề / Mô tả | F1: Điều kiện tiên quyết | G1: Các bước thực hiện | H1: Dữ liệu test | I1: Kết quả mong đợi | J1: Ưu tiên | K1: Tự động hóa | L1: Kết quả thực tế | M1: Trạng thái | N1: Người test | O1: Ngày test | P1: Ghi chú
A2: TC_M1_001 | B2: M1 - Tài khoản & Phân quyền | C2: Đăng nhập | D2: Positive | E2: Đăng nhập Admin đúng thông tin | F2: Tài khoản admin đang hoạt động | G2: 1. Mở /TaiKhoan/Login 2. Nhập tên đăng nhập, mật khẩu 3. Nhấn Đăng nhập | H2: admin / Admin@123 | I2: Chuyển hướng về trang chủ/Dashboard; Session lưu MaTaiKhoan, HoTen, VaiTro=Admin; menu hiển thị đủ chức năng quản trị | J2: Cao | K2: Integration (WAF) | M2: Chưa test
A3: TC_M1_002 | B3: M1 - Tài khoản & Phân quyền | C3: Đăng nhập | D3: Positive | E3: Đăng nhập Nhân viên kho đúng thông tin | F3: Tài khoản nvkho đang hoạt động | G3: 1. Mở trang đăng nhập 2. Nhập thông tin hợp lệ 3. Nhấn Đăng nhập | H3: nvkho / Kho@123 | I3: Đăng nhập thành công; Session có VaiTro=Nhân viên kho; chỉ thấy chức năng theo quyền | J3: Cao | K3: Integration (WAF) | M3: Chưa test
A4: TC_M1_003 | B4: M1 - Tài khoản & Phân quyền | C4: Đăng nhập | D4: Negative | E4: Sai mật khẩu | F4: Tài khoản admin tồn tại | G4: 1. Nhập đúng tên đăng nhập, sai mật khẩu 2. Nhấn Đăng nhập | H4: admin / Sai@123 | I4: Ở lại trang đăng nhập; hiển thị thông báo sai thông tin; Session không được tạo | J4: Trung bình | K4: Integration (WAF) | M4: Chưa test
A5: TC_M1_004 | B5: M1 - Tài khoản & Phân quyền | C5: Đăng nhập | D5: Negative | E5: Tên đăng nhập không tồn tại | F5: Không có tài khoản 'khongco' | G5: 1. Nhập tên đăng nhập không tồn tại 2. Nhấn Đăng nhập | H5: khongco / Abc@123 | I5: Thông báo sai thông tin đăng nhập (không tiết lộ tài khoản có tồn tại hay không); không tạo Session | J5: Trung bình | K5: Integration (WAF) | M5: Chưa test
A6: TC_M1_005 | B6: M1 - Tài khoản & Phân quyền | C6: Đăng nhập | D6: Negative | E6: Để trống tên đăng nhập | F6: Ở trang đăng nhập | G6: 1. Bỏ trống tên đăng nhập 2. Nhập mật khẩu 3. Nhấn Đăng nhập | H6: '' / Admin@123 | I6: Validation message 'bắt buộc nhập tên đăng nhập'; không đăng nhập | J6: Trung bình | K6: Integration (WAF) | M6: Chưa test
A7: TC_M1_006 | B7: M1 - Tài khoản & Phân quyền | C7: Đăng nhập | D7: Negative | E7: Để trống mật khẩu | F7: Ở trang đăng nhập | G7: 1. Nhập tên đăng nhập 2. Bỏ trống mật khẩu 3. Nhấn Đăng nhập | H7: admin / '' | I7: Validation message 'bắt buộc nhập mật khẩu'; không đăng nhập | J7: Trung bình | K7: Integration (WAF) | M7: Chưa test
A8: TC_M1_007 | B8: M1 - Tài khoản & Phân quyền | C8: Đăng nhập | D8: Negative | E8: Tài khoản bị khóa không được đăng nhập | F8: Tài khoản 'khoa' có TrangThai = Khóa | G8: 1. Nhập đúng thông tin tài khoản bị khóa 2. Nhấn Đăng nhập | H8: khoa / Khoa@123 | I8: Từ chối đăng nhập, thông báo tài khoản bị khóa; không tạo Session | J8: Trung bình | K8: Integration (WAF) | M8: Chưa test
A9: TC_M1_008 | B9: M1 - Tài khoản & Phân quyền | C9: Đăng nhập | D9: Bảo mật | E9: SQL Injection ở tên đăng nhập | F9: Ở trang đăng nhập | G9: 1. Nhập chuỗi injection vào tên đăng nhập 2. Nhấn Đăng nhập | H9: ' OR 1=1 -- / bất kỳ | I9: Không đăng nhập được; không lỗi 500 (EF Core dùng tham số hóa) | J9: Cao | K9: Integration (WAF) | M9: Chưa test
A10: TC_M1_009 | B10: M1 - Tài khoản & Phân quyền | C10: Đăng nhập | D10: Boundary | E10: Tên đăng nhập có khoảng trắng đầu/cuối | F10: Tài khoản admin tồn tại | G10: 1. Nhập ' admin ' (có khoảng trắng) 2. Nhập đúng mật khẩu 3. Nhấn Đăng nhập | H10: ' admin ' / Admin@123 | I10: Hành vi nhất quán theo thiết kế (Trim rồi đăng nhập được, hoặc báo sai) – không lỗi hệ thống | J10: Trung bình | K10: Integration (WAF) | M10: Chưa test
A11: TC_M1_010 | B11: M1 - Tài khoản & Phân quyền | C11: Đăng xuất | D11: Positive | E11: Đăng xuất xóa Session | F11: Đã đăng nhập | G11: 1. Nhấn Đăng xuất 2. Quan sát chuyển hướng | H11: — | I11: Chuyển về trang đăng nhập; Session bị xóa (không còn MaTaiKhoan/HoTen/VaiTro) | J11: Cao | K11: Integration (WAF) | M11: Chưa test
A12: TC_M1_011 | B12: M1 - Tài khoản & Phân quyền | C12: Đăng xuất | D12: Bảo mật | E12: Truy cập trang quản trị sau khi đăng xuất | F12: Vừa đăng xuất | G12: 1. Nhấn nút Back của trình duyệt hoặc mở lại /HangHoa | H12: — | I12: Bị chuyển về trang đăng nhập, không xem được dữ liệu | J12: Cao | K12: Integration (WAF) | M12: Chưa test
A13: TC_M1_012 | B13: M1 - Tài khoản & Phân quyền | C13: Đăng nhập | D13: Bảo mật | E13: Chưa đăng nhập truy cập trang yêu cầu đăng nhập | F13: Chưa đăng nhập | G13: 1. Mở trực tiếp /PhieuNhap, /Kho, /TonKho | H13: — | I13: Chuyển hướng về /TaiKhoan/Login (kèm returnUrl nếu có) | J13: Cao | K13: Integration (WAF) | M13: Chưa test
... A205: TC_M6_011 | B205: M6 - Tích hợp & Phi chức năng | C205: Bảo mật | D205: Bảo mật | E205: Mật khẩu lưu trong CSDL | F205: Có tài khoản | G205: 1. Kiểm tra cột MatKhau | H205: — | I205: Khuyến nghị lưu băm (hash); ghi nhận nếu đang lưu plaintext | J205: Trung bình | K205: Thủ công | M205: Chưa test

Sheet Tổng hợp
A1: TỔNG HỢP KẾT QUẢ KIỂM THỬ – ĐỀ TÀI 21: QUẢN LÝ KHO HÀNG NHẬP–XUẤT–TỒN (ASP.NET Core 10 MVC)
A3: Module | B3: Tổng TC | C3: Pass | D3: Fail | E3: Blocked | F3: Chưa test | G3: % Pass | H3: Đã/có thể tự động hóa (xUnit)
A4: M1 - Tài khoản & Phân quyền | B4: =COUNTIF(Testcase!$B$2:$B$1000,A4) -> 38 | C4: =COUNTIFS(Testcase!$B$2:$B$1000,$A4,Testcase!$M$2:$M$1000,"Pass") -> 0 | D4: =COUNTIFS(Testcase!$B$2:$B$1000,$A4,Testcase!$M$2:$M$1000,"Fail") -> 0 | E4: =COUNTIFS(Testcase!$B$2:$B$1000,$A4,Testcase!$M$2:$M$1000,"Blocked") -> 0 | F4: =COUNTIFS(Testcase!$B$2:$B$1000,$A4,Testcase!$M$2:$M$1000,"Chưa test") -> 38 | G4: =IF(B4=0,0,C4/B4) -> 0 | H4: =COUNTIFS(Testcase!$B$2:$B$1000,$A4,Testcase!$K$2:$K$1000,"Integration (WAF)")+COUNTIFS(Testcase!$B$2:$B$1000,$A4,Testcase!$K$2:$K$1000,"Unit") -> 37
A5: M2 - Kho & Hàng hóa | B5: =COUNTIF(Testcase!$B$2:$B$1000,A5) -> 52 | C5: =COUNTIFS(Testcase!$B$2:$B$1000,$A5,Testcase!$M$2:$M$1000,"Pass") -> 0 | D5: =COUNTIFS(Testcase!$B$2:$B$1000,$A5,Testcase!$M$2:$M$1000,"Fail") -> 0 | E5: =COUNTIFS(Testcase!$B$2:$B$1000,$A5,Testcase!$M$2:$M$1000,"Blocked") -> 0 | F5: =COUNTIFS(Testcase!$B$2:$B$1000,$A5,Testcase!$M$2:$M$1000,"Chưa test") -> 52 | G5: =IF(B5=0,0,C5/B5) -> 0 | H5: =COUNTIFS(Testcase!$B$2:$B$1000,$A5,Testcase!$K$2:$K$1000,"Integration (WAF)")+COUNTIFS(Testcase!$B$2:$B$1000,$A5,Testcase!$K$2:$K$1000,"Unit") -> 51
A6: M3 - Nhập kho | B6: =COUNTIF(Testcase!$B$2:$B$1000,A6) -> 38 | C6: =COUNTIFS(Testcase!$B$2:$B$1000,$A6,Testcase!$M$2:$M$1000,"Pass") -> 0 | D6: =COUNTIFS(Testcase!$B$2:$B$1000,$A6,Testcase!$M$2:$M$1000,"Fail") -> 0 | E6: =COUNTIFS(Testcase!$B$2:$B$1000,$A6,Testcase!$M$2:$M$1000,"Blocked") -> 0 | F6: =COUNTIFS(Testcase!$B$2:$B$1000,$A6,Testcase!$M$2:$M$1000,"Chưa test") -> 38 | G6: =IF(B6=0,0,C6/B6) -> 0 | H6: =COUNTIFS(Testcase!$B$2:$B$1000,$A6,Testcase!$K$2:$K$1000,"Integration (WAF)")+COUNTIFS(Testcase!$B$2:$B$1000,$A6,Testcase!$K$2:$K$1000,"Unit") -> 38
A7: M4 - Xuất kho | B7: =COUNTIF(Testcase!$B$2:$B$1000,A7) -> 32 | C7: =COUNTIFS(Testcase!$B$2:$B$1000,$A7,Testcase!$M$2:$M$1000,"Pass") -> 0 | D7: =COUNTIFS(Testcase!$B$2:$B$1000,$A7,Testcase!$M$2:$M$1000,"Fail") -> 0 | E7: =COUNTIFS(Testcase!$B$2:$B$1000,$A7,Testcase!$M$2:$M$1000,"Blocked") -> 0 | F7: =COUNTIFS(Testcase!$B$2:$B$1000,$A7,Testcase!$M$2:$M$1000,"Chưa test") -> 32 | G7: =IF(B7=0,0,C7/B7) -> 0 | H7: =COUNTIFS(Testcase!$B$2:$B$1000,$A7,Testcase!$K$2:$K$1000,"Integration (WAF)")+COUNTIFS(Testcase!$B$2:$B$1000,$A7,Testcase!$K$2:$K$1000,"Unit") -> 32
A8: M5 - Tồn kho & Thống kê | B8: =COUNTIF(Testcase!$B$2:$B$1000,A8) -> 33 | C8: =COUNTIFS(Testcase!$B$2:$B$1000,$A8,Testcase!$M$2:$M$1000,"Pass") -> 0 | D8: =COUNTIFS(Testcase!$B$2:$B$1000,$A8,Testcase!$M$2:$M$1000,"Fail") -> 0 | E8: =COUNTIFS(Testcase!$B$2:$B$1000,$A8,Testcase!$M$2:$M$1000,"Blocked") -> 0 | F8: =COUNTIFS(Testcase!$B$2:$B$1000,$A8,Testcase!$M$2:$M$1000,"Chưa test") -> 33 | G8: =IF(B8=0,0,C8/B8) -> 0 | H8: =COUNTIFS(Testcase!$B$2:$B$1000,$A8,Testcase!$K$2:$K$1000,"Integration (WAF)")+COUNTIFS(Testcase!$B$2:$B$1000,$A8,Testcase!$K$2:$K$1000,"Unit") -> 33
A9: M6 - Tích hợp & Phi chức năng | B9: =COUNTIF(Testcase!$B$2:$B$1000,A9) -> 11 | C9: =COUNTIFS(Testcase!$B$2:$B$1000,$A9,Testcase!$M$2:$M$1000,"Pass") -> 0 | D9: =COUNTIFS(Testcase!$B$2:$B$1000,$A9,Testcase!$M$2:$M$1000,"Fail") -> 0 | E9: =COUNTIFS(Testcase!$B$2:$B$1000,$A9,Testcase!$M$2:$M$1000,"Blocked") -> 0 | F9: =COUNTIFS(Testcase!$B$2:$B$1000,$A9,Testcase!$M$2:$M$1000,"Chưa test") -> 11 | G9: =IF(B9=0,0,C9/B9) -> 0 | H9: =COUNTIFS(Testcase!$B$2:$B$1000,$A9,Testcase!$K$2:$K$1000,"Integration (WAF)")+COUNTIFS(Testcase!$B$2:$B$1000,$A9,Testcase!$K$2:$K$1000,"Unit") -> 4
A10: TỔNG | B10: =SUM(B4:B9) -> 204 | C10: =SUM(C4:C9) -> 0 | D10: =SUM(D4:D9) -> 0 | E10: =SUM(E4:E9) -> 0 | F10: =SUM(F4:F9) -> 204 | G10: =IF(B10=0,0,C10/B10) -> 0 | H10: =SUM(H4:H9) -> 195
A12: Phân bố theo mức ưu tiên
A13: Cao | B13: =COUNTIF(Testcase!$J$2:$J$1000,A13) -> 95
A14: Trung bình | B14: =COUNTIF(Testcase!$J$2:$J$1000,A14) -> 103
A15: Thấp | B15: =COUNTIF(Testcase!$J$2:$J$1000,A15) -> 6
A17: Phân bố theo loại test
A18: Positive | B18: =COUNTIF(Testcase!$D$2:$D$1000,A18) -> 76
A19: Negative | B19: =COUNTIF(Testcase!$D$2:$D$1000,A19) -> 44
A20: Boundary | B20: =COUNTIF(Testcase!$D$2:$D$1000,A20) -> 19
A21: Bảo mật | B21: =COUNTIF(Testcase!$D$2:$D$1000,A21) -> 24
A22: Nghiệp vụ | B22: =COUNTIF(Testcase!$D$2:$D$1000,A22) -> 41

Sheet Quy ước & Dữ liệu test
A1: HƯỚNG DẪN SỬ DỤNG
A2: Cột cần điền | B2: Kết quả thực tế, Trạng thái (Pass/Fail/Blocked/Chưa test), Người test, Ngày test, Ghi chú – các ô nền vàng ở sheet Testcase.
A3: Mã testcase | B3: TC_<module>_<số thứ tự>. Dùng làm [Trait("TC", "TC_M3_015")] trong xUnit để truy vết.
A4: Tự động hóa | B4: Integration (WAF) = viết bằng xUnit + WebApplicationFactory; Unit = test lớp nghiệp vụ/ViewModel; Thủ công = kiểm tra bằng mắt/trình duyệt/công cụ ngoài.
A5: Lưu ý nhập Google Sheets | B5: File > Import > Upload > chọn .xlsx > 'Replace spreadsheet'. Dropdown Trạng thái và công thức ở sheet Tổng hợp được giữ nguyên.
A7: GIẢ ĐỊNH (đổi theo mã nguồn thực tế của nhóm)
A8: Tên route | B8: /TaiKhoan/Login, /TaiKhoan/Logout, /LoaiHang, /DonViTinh, /Kho, /HangHoa, /NhaCungCap, /BoPhanNhan, /PhieuNhap, /PhieuXuat, /TonKho, /ThongKe; action hoàn tất: /PhieuNhap/HoanTat/{id}, /PhieuXuat/HoanTat/{id}.
A9: Tham số danh sách | B9: search, maLoaiHang, maDonViTinh, maKho, trangThai, giaTu, giaDen, canhBao, sort, page (PageSize giả định = 10).
A10: Vai trò | B10: 'Admin' và 'Nhân viên kho'. Theo đề bài: Admin duyệt/hoàn tất phiếu và xem thống kê; nhân viên kho lập phiếu. Nếu nhóm cho nhân viên hoàn tất phiếu, sửa kết quả mong đợi ở các TC phân quyền tương ứng.
A11: Trạng thái phiếu | B11: Nháp, Chờ xác nhận, Đã hoàn tất, Đã hủy.
A12: Phản hồi từ chối | B12: Tùy thiết kế: 403, redirect AccessDenied/Login, hoặc quay lại form kèm lỗi ModelState. Kết quả mong đợi ghi chung là 'bị từ chối'.
A13: Ghi chú đề bài | B13: Tiêu đề tài liệu ghi 'Quản lý cho thuê xe và đặt xe' nhưng nội dung là quản lý kho hàng nhập–xuất–tồn; bộ testcase bám theo NỘI DUNG (kho hàng).
A15: DỮ LIỆU TEST CHUẨN (fixture)
A16: Tài khoản | B16: admin / Admin@123 (Admin, hoạt động); nvkho / Kho@123 (Nhân viên kho, hoạt động); khoa / Khoa@123 (bị khóa).
A17: Kho | B17: K1 Kho Hà Nội (hoạt động); K2 Kho TP.HCM (hoạt động); K3 Kho Tạm (ngừng hoạt động).
A18: Loại hàng | B18: LH1 Điện tử (hoạt động); LH2 Văn phòng phẩm (hoạt động); LH3 Loại cũ (ngừng).
A19: Đơn vị tính | B19: Cái, Hộp, Kg (hoạt động).
A20: Nhà cung cấp | B20: NCC1 Công ty ABC (hoạt động); NCC2 Công ty XYZ (ngừng).
A21: Bộ phận nhận | B21: BP1 Phòng Kế toán (hoạt động); BP2 Phòng cũ (ngừng).
A22: Hàng hóa | B22: HH1 Chuột không dây: tồn K1=100, min 10, giá 150.000 | HH2 Bàn phím: tồn K1=10 (hoặc 5), min 10 | HH3 Màn hình: tồn 0 | HH4 Giấy A4: K1=50, K2=5 | HH5: ngừng hoạt động.
